-- MySQL dump 10.13  Distrib 5.7.44, for Linux (x86_64)
--
-- Host: localhost    Database: geekie_site
-- ------------------------------------------------------
-- Server version	5.7.44-log

/*!40101 SET @OLD_CHARACTER_SET_CLIENT=@@CHARACTER_SET_CLIENT */;
/*!40101 SET @OLD_CHARACTER_SET_RESULTS=@@CHARACTER_SET_RESULTS */;
/*!40101 SET @OLD_COLLATION_CONNECTION=@@COLLATION_CONNECTION */;
/*!40101 SET NAMES utf8mb4 */;
/*!40103 SET @OLD_TIME_ZONE=@@TIME_ZONE */;
/*!40103 SET TIME_ZONE='+00:00' */;
/*!40014 SET @OLD_UNIQUE_CHECKS=@@UNIQUE_CHECKS, UNIQUE_CHECKS=0 */;
/*!40014 SET @OLD_FOREIGN_KEY_CHECKS=@@FOREIGN_KEY_CHECKS, FOREIGN_KEY_CHECKS=0 */;
/*!40101 SET @OLD_SQL_MODE=@@SQL_MODE, SQL_MODE='NO_AUTO_VALUE_ON_ZERO' */;
/*!40111 SET @OLD_SQL_NOTES=@@SQL_NOTES, SQL_NOTES=0 */;

--
-- Table structure for table `typecho_comments`
--

DROP TABLE IF EXISTS `typecho_comments`;
/*!40101 SET @saved_cs_client     = @@character_set_client */;
/*!40101 SET character_set_client = utf8 */;
CREATE TABLE `typecho_comments` (
  `coid` int(10) unsigned NOT NULL AUTO_INCREMENT,
  `cid` int(10) unsigned DEFAULT '0',
  `created` int(10) unsigned DEFAULT '0',
  `author` varchar(150) DEFAULT NULL,
  `authorId` int(10) unsigned DEFAULT '0',
  `ownerId` int(10) unsigned DEFAULT '0',
  `mail` varchar(150) DEFAULT NULL,
  `url` varchar(255) DEFAULT NULL,
  `ip` varchar(64) DEFAULT NULL,
  `agent` varchar(511) DEFAULT NULL,
  `text` text,
  `type` varchar(16) DEFAULT 'comment',
  `status` varchar(16) DEFAULT 'approved',
  `parent` int(10) unsigned DEFAULT '0',
  PRIMARY KEY (`coid`),
  KEY `cid` (`cid`),
  KEY `created` (`created`)
) ENGINE=InnoDB AUTO_INCREMENT=2 DEFAULT CHARSET=utf8mb4;
/*!40101 SET character_set_client = @saved_cs_client */;

--
-- Dumping data for table `typecho_comments`
--

LOCK TABLES `typecho_comments` WRITE;
/*!40000 ALTER TABLE `typecho_comments` DISABLE KEYS */;
INSERT INTO `typecho_comments` VALUES (1,1,1712410199,'Typecho',0,1,NULL,'https://typecho.org','127.0.0.1','Typecho 1.2.1','欢迎加入 Typecho 大家族','comment','approved',0);
/*!40000 ALTER TABLE `typecho_comments` ENABLE KEYS */;
UNLOCK TABLES;

--
-- Table structure for table `typecho_contents`
--

DROP TABLE IF EXISTS `typecho_contents`;
/*!40101 SET @saved_cs_client     = @@character_set_client */;
/*!40101 SET character_set_client = utf8 */;
CREATE TABLE `typecho_contents` (
  `cid` int(10) unsigned NOT NULL AUTO_INCREMENT,
  `title` varchar(150) DEFAULT NULL,
  `slug` varchar(150) DEFAULT NULL,
  `created` int(10) unsigned DEFAULT '0',
  `modified` int(10) unsigned DEFAULT '0',
  `text` longtext,
  `order` int(10) unsigned DEFAULT '0',
  `authorId` int(10) unsigned DEFAULT '0',
  `template` varchar(32) DEFAULT NULL,
  `type` varchar(16) DEFAULT 'post',
  `status` varchar(16) DEFAULT 'publish',
  `password` varchar(32) DEFAULT NULL,
  `commentsNum` int(10) unsigned DEFAULT '0',
  `allowComment` char(1) DEFAULT '0',
  `allowPing` char(1) DEFAULT '0',
  `allowFeed` char(1) DEFAULT '0',
  `parent` int(10) unsigned DEFAULT '0',
  PRIMARY KEY (`cid`),
  UNIQUE KEY `slug` (`slug`),
  KEY `created` (`created`)
) ENGINE=InnoDB AUTO_INCREMENT=92 DEFAULT CHARSET=utf8mb4;
/*!40101 SET character_set_client = @saved_cs_client */;

--
-- Dumping data for table `typecho_contents`
--

LOCK TABLES `typecho_contents` WRITE;
/*!40000 ALTER TABLE `typecho_contents` DISABLE KEYS */;
INSERT INTO `typecho_contents` VALUES (1,'HELLO WORLD!','start',1712410140,1712580730,'<!--markdown-->HELLO WORLD!',0,1,NULL,'post','publish',NULL,1,'1','1','1',0),(2,'ABOUT ME','start-page',1712410140,1719214452,'<!--markdown-->老INFJ了，想到啥说啥。平时就只喜欢一个人到处瞎逛。',1,1,NULL,'page','publish',NULL,0,'1','1','1',0),(3,'TEST','3',1712498498,1712498498,'<!--markdown-->TEST TEST TEST 123 123 123 ',0,1,NULL,'post','private',NULL,0,'1','1','1',0),(4,NULL,'4',0,1712589767,'<!--markdown-->7. 应用程序层\r\n应用程序层：请求的内容并按要求的格式返回\r\n这是唯一直接接触用户数据的层。软件应用程序（如 Web 浏览器和电子邮件客户端）依靠应用程序层发起通信。但需要明确的是，客户端软件应用程序不属于应用程序层；相反，应用程序层负责协议和数据操作，软件依靠上述操作向用户呈现有效数据。\r\n\r\n应用程序层协议包括 HTTP 和 SMTP（简单邮件传输协议是支持开展电子邮件通信的协议之一）。\r\n\r\n6. 表示层\r\n表示层：加密、压缩、翻译\r\n这一层主要负责准备数据，以便应用程序层进行使用；换言之，第 6 层用于确保数据可供应用程序使用。表示层负责完成数据转换、加密和压缩。\r\n\r\n两台相互通信的设备可能使用不同的编码方法，因此第 6 层负责将传入数据转换为接收设备应用程序层可以理解的语法。\r\n\r\n如果设备通过加密连接进行通信，则第 6 层负责发送端加密和接收端解密，以便向应用程序层呈现非加密可读数据。\r\n\r\n最后，表示层还负责压缩从应用程序层接收的数据，然后将数据传递到第 5 层。这有助于尽量减少要传输的数据量，从而提高通信速度和效率。\r\n\r\n5. 会话层\r\n会话层：通信会话\r\n这一层负责打开和关闭两个设备之间的通信。通信打开与关闭之间的时间称为会话。会话层用于确保会话保持打开的时长足以传输所有交换数据，而后立即关闭会话以避免浪费资源。\r\n\r\n会话层还负责同步数据传输与检查点。例如，如果传输一个 100MB 的文件，会话层可以每 5MB 设置一个检查点。如果在传输了 52MB 后连接断开或崩溃，可以从最后一个检查点恢复会话，也就是只需再传输 50MB 数据。若未设置检查点，则必须从头开始传输整个文件。\r\n\r\nDDoS 防护\r\n通过任何 Cloudflare 计划获取 DDoS 防护\r\n免费开始使用',0,1,NULL,'post_draft','private',NULL,0,'1','1','1',0),(12,'2024-04-09T12:36:05.png','2024-04-09T12-36-05-png',1712666120,1712666120,'a:5:{s:4:\"name\";s:23:\"2024-04-09T12:36:05.png\";s:4:\"path\";s:35:\"/usr/uploads/2024/04/2807134938.png\";s:4:\"size\";i:394862;s:4:\"type\";s:3:\"png\";s:4:\"mime\";s:9:\"image/png\";}',1,1,NULL,'attachment','publish',NULL,0,'1','0','1',13),(13,'数学建模大赛信息整合','13',1712667420,1720198209,'<!--markdown-->建模竞赛和全日制研究生做的事情非常类似，提出问题，建立模型，模型分析，数据分析，得出结论等，可提前了解到，到底自己是不是喜欢研究生所做的研究工作，也因此考虑要不要考研和读研。\r\n组队：数学，计算机，物理组队\r\n分工：建模，编程，写文章\r\n优势：\r\n国奖资源分配比较均匀，不会区分学校。\r\n决赛试卷分为两类，低年级组和高年级组（大三及大四学生）\r\n23年14个队伍获奖，22年3个，20年3个 相较于其他团队赛事，资源相对较好\r\n可以作弊（防举报\r\n考研面试用\r\n弊端：\r\n对毕业找工作没什么用\r\n建模跟各专业学的知识的相关性都不大\r\n需要消耗非常大的精力\r\n资源：https://github.com/personqianduixue/Math_Model\r\n',0,1,NULL,'post','publish',NULL,0,'1','1','1',0),(14,'检索技巧','14',1713183780,1716263247,'<!--markdown-->TIPS:\r\n搜索前先明确关键词，考虑同义词；\r\n搜索时填入关键词即可；\r\n高级搜索：https://www.google.com.hk/advanced_search\r\n\r\n一、搜索引擎：\r\n 1. 限定标题\r\n\r\n    intitle:site selection   \r\n\r\n 2. 排除关键词\r\n   \r\n    苹果 -iphone -phone -手机\r\n\r\n 3. 使用或（OR）与（AND）检索\r\n\r\n    site selection OR location AND canteen or dining hall\r\n\r\n 4. 完全匹配搜索\r\n\r\n    \"苹果水果\"\r\n\r\n 5. 指定网点\r\n\r\n    IDM site:https://www.52pojie.cn/\r\n\r\n 6. 包含指定文件\r\n\r\n    C Primer Plus filetype:pdf\r\n\r\n\r\n----------\r\n二、知网：\r\n高级搜索：https://vpn1.wdu.edu.cn/https/webvpn34dba54512b1dbccec764ab274be469e/kns8s/AdvSearch?crossids=YSTT4HG0%2CLSTPFY1C%2CJUP3MUPD%2CMPMFIG1A%2CWQ0UVIAA%2CBLZOG7CK%2CEMRPGLPA%2CPWFIRAGL%2CNLBO1Z6R%2CNN3FJMUV\r\n\r\n\r\n',0,1,NULL,'post','publish',NULL,0,'1','1','1',0),(15,'图片1.png','图片1-png',1714743907,1714743907,'a:5:{s:4:\"name\";s:11:\"图片1.png\";s:4:\"path\";s:35:\"/usr/uploads/2024/05/2633616876.png\";s:4:\"size\";i:41200;s:4:\"type\";s:3:\"png\";s:4:\"mime\";s:9:\"image/png\";}',1,1,NULL,'attachment','publish',NULL,0,'1','0','1',21),(16,'图片2.png','图片2-png',1714743954,1714743954,'a:5:{s:4:\"name\";s:11:\"图片2.png\";s:4:\"path\";s:34:\"/usr/uploads/2024/05/943572429.png\";s:4:\"size\";i:167669;s:4:\"type\";s:3:\"png\";s:4:\"mime\";s:9:\"image/png\";}',2,1,NULL,'attachment','publish',NULL,0,'1','0','1',21),(17,'图片3.png','图片3-png',1714744033,1714744033,'a:5:{s:4:\"name\";s:11:\"图片3.png\";s:4:\"path\";s:35:\"/usr/uploads/2024/05/3410247419.png\";s:4:\"size\";i:38644;s:4:\"type\";s:3:\"png\";s:4:\"mime\";s:9:\"image/png\";}',3,1,NULL,'attachment','publish',NULL,0,'1','0','1',21),(18,'图片4.png','图片4-png',1714744067,1714744067,'a:5:{s:4:\"name\";s:11:\"图片4.png\";s:4:\"path\";s:35:\"/usr/uploads/2024/05/2770044903.png\";s:4:\"size\";i:85145;s:4:\"type\";s:3:\"png\";s:4:\"mime\";s:9:\"image/png\";}',4,1,NULL,'attachment','publish',NULL,0,'1','0','1',21),(19,'图片5.png','图片5-png',1714744126,1714744126,'a:5:{s:4:\"name\";s:11:\"图片5.png\";s:4:\"path\";s:35:\"/usr/uploads/2024/05/3762646933.png\";s:4:\"size\";i:75428;s:4:\"type\";s:3:\"png\";s:4:\"mime\";s:9:\"image/png\";}',5,1,NULL,'attachment','publish',NULL,0,'1','0','1',21),(20,'图片7.png','图片7-png',1714744216,1714744216,'a:5:{s:4:\"name\";s:11:\"图片7.png\";s:4:\"path\";s:34:\"/usr/uploads/2024/05/196077930.png\";s:4:\"size\";i:183494;s:4:\"type\";s:3:\"png\";s:4:\"mime\";s:9:\"image/png\";}',6,1,NULL,'attachment','publish',NULL,0,'1','0','1',21),(21,'5700温度优化','21',1714744200,1714744237,'<!--markdown-->夏日将至，从矿场解救回来的5700有着严重的散热问题。该卡默认风扇调教极为保守，基本上维持60多度的高温，游戏节点温度更是高达110多度。\r\n![图片1.png][1]\r\n\r\n\r\n计划从软调教下手，以通过最低的性能损失来换取最大程度的降度。\r\n![图片2.png][2]\r\n\r\n\r\n一、降低电压\r\n通过驱动面板对电压的调教，确保频率不变的情况下能够通过测试的最低电压。\r\n![图片3.png][3]\r\n\r\n\r\n并通过电压计算器计算出相应的电压参数，写入BIOS中：![图片4.png][4]\r\n\r\n\r\n二、调节风扇转速\r\n通过驱动面板，找到了默认最佳转速，并修改了PWM Minimum(风扇最低转速) ，调低了Fan Target Temperature(风扇目标温度)。\r\n![图片5.png][5]\r\n  \r\n\r\n\r\n三、刷入修改BIOS\r\n刷入新BIOS就可以应用上述操作，记得备份源BIOS\r\n![图片7.png][6]\r\n\r\n\r\n  [1]: https://blog.geekie.site/usr/uploads/2024/05/2633616876.png\r\n  [2]: https://blog.geekie.site/usr/uploads/2024/05/943572429.png\r\n  [3]: https://blog.geekie.site/usr/uploads/2024/05/3410247419.png\r\n  [4]: https://blog.geekie.site/usr/uploads/2024/05/2770044903.png\r\n  [5]: https://blog.geekie.site/usr/uploads/2024/05/3762646933.png\r\n  [6]: https://blog.geekie.site/usr/uploads/2024/05/196077930.png',0,1,NULL,'post','publish',NULL,0,'1','1','1',0),(25,'大创赛事信息整合','25',1717500240,1717504395,'<!--markdown-->优势：\r\n项目经历\r\n考研复试\r\n弊端：\r\n非常吃资源和人脉\r\n要烧钱搞项目\r\n锻炼的是吹牛逼，水材料的能力\r\n费时间\r\nps：\r\n找个好的指导老师\r\nPPT很重要，低级赛事口才（吹牛）>>项目内容\r\n要有懂财务，营销的人写商业计划书\r\n',0,1,NULL,'post','publish',NULL,0,'1','1','1',0),(26,'项目学习规划','26',1717947420,1718261590,'<!--markdown--> 1. Python基础学习(大概看\r\n 2. 主要就是进行PY库的学习\r\n 3. pyQt5（可视化的QT库\r\n 4. mock？\r\n 5. qpainter（画图，自定义组件\r\n 6. MVC模型写UI\r\n 7. HTML,CSS,javascript\r\n\r\n',0,1,NULL,'post','publish',NULL,0,'1','1','1',0),(27,'2024-06-10T03:45:11.png','2024-06-10T03-45-11-png',1717990936,1717990936,'a:5:{s:4:\"name\";s:23:\"2024-06-10T03:45:11.png\";s:4:\"path\";s:35:\"/usr/uploads/2024/06/1829662094.png\";s:4:\"size\";i:111248;s:4:\"type\";s:3:\"png\";s:4:\"mime\";s:9:\"image/png\";}',1,1,NULL,'attachment','publish',NULL,0,'1','0','1',28),(28,'GIT常用命令','28',1717991160,1718499403,'<!--markdown-->**查看、添加、提交、删除、找回，重置修改文件**\r\n\r\ngit help <command> # 显示command的help\r\n\r\ngit log --oneline # 显示提交记录\r\n\r\ngit show # 显示某次提交的内容 git show $id\r\n\r\ngit co -- <file> # 抛弃工作区修改\r\n\r\ngit co . # 抛弃工作区修改\r\n\r\ngit add <file> # 将工作文件修改提交到本地暂存区\r\n\r\ngit add . # 将所有修改过的工作文件提交暂存区\r\n\r\ngit commmit -m #将暂存区内容提交到本地仓库\r\n\r\ngit commmit -a #修改文件后不需要执行git add命令，直接来提交\r\n\r\ngit rm <file> # 从版本库中删除文件\r\n\r\ngit rm <file> --cached # 从版本库中删除文件，但不删除文件\r\n\r\ngit rm -f # 强制删除未提交的文件\r\n\r\ngit reset <file> # 从暂存区恢复到工作文件\r\n\r\ngit reset --soft . # 保存工作区和暂存区的文件\r\n\r\ngit reset --mixed . # 保存工作区的文件\r\n\r\ngit reset --hard # 恢复最近一次提交过的状态，即放弃上次提交后的所有本次修改\r\n\r\ngit ci <file> git ci . git ci -a # 将git add, git rm和git ci等操作都合并在一起做　　　　　　　　　　　　　　　　　　　　　　　　　　　　　　　　　　　　git ci -am \"some comments\"\r\n\r\ngit ci --amend # 修改最后一次提交记录\r\n\r\ngit revert <$id> # 恢复某次提交的状态，恢复动作本身也创建次提交对象\r\n\r\ngit revert HEAD # 恢复最后一次提交的状态\r\n\r\n**查看文件diff**\r\n\r\ngit diff <file> # 比较当前文件和暂存区文件差异 git diff\r\n\r\ngit diff <id1><id2> # 比较两次提交之间的差异\r\n\r\ngit diff HEAD^n HEAD # 比较当前版本和n个版本之前的差异\r\n\r\ngit diff --staged # 比较暂存区和版本库差异\r\n\r\ngit diff --cached # 比较暂存区和版本库差异\r\n\r\ngit diff --stat # 仅仅比较统计信息\r\n\r\n**查看提交记录**\r\n\r\ngit log git log <file> # 查看该文件每次提交记录\r\n\r\ngit log -p <file> # 查看每次详细修改内容的diff\r\n\r\ngit log -p -2 # 查看最近两次详细修改内容的diff\r\n\r\ngit log --stat #查看提交统计信息\r\n\r\ntig\r\nMac上可以使用tig代替diff和log，brew install tig\r\n\r\n**Git 本地分支管理**\r\n\r\n**查看、切换、创建和删除分支**\r\n\r\ngit br -r # 查看远程分支\r\n\r\ngit br <new_branch> # 创建新的分支\r\n\r\ngit br -v # 查看各个分支最后提交信息\r\n\r\ngit br --merged # 查看已经被合并到当前分支的分支\r\n\r\ngit br --no-merged # 查看尚未被合并到当前分支的分支\r\n\r\ngit co <branch> # 切换到某个分支\r\n\r\ngit co -b <new_branch> # 创建新的分支，并且切换过去\r\n\r\ngit co -b <new_branch> <branch> # 基于branch创建新的new_branch\r\n\r\ngit co $id # 把某次历史提交记录checkout出来，但无分支信息，切换到其他分支会自动删除\r\n\r\ngit co $id -b <new_branch> # 把某次历史提交记录checkout出来，创建成一个分支\r\n\r\ngit br -d <branch> # 删除某个分支\r\n\r\ngit br -D <branch> # 强制删除某个分支 (未被合并的分支被删除的时候需要强制)\r\n\r\n **分支合并和rebase**\r\n\r\ngit merge <branch> # 将branch分支合并到当前分支\r\n\r\ngit merge origin/master --no-ff # 不要Fast-Foward合并，这样可以生成merge提交\r\n\r\ngit rebase master <branch> # 将master rebase到branch，相当于： git co <branch> && git rebase master && git co master && git merge <branch>\r\n\r\n **Git补丁管理(方便在多台机器上开发同步时用)**\r\n\r\ngit diff > ../sync.patch # 生成补丁\r\n\r\ngit apply ../sync.patch # 打补丁\r\n\r\ngit apply --check ../sync.patch #测试补丁能否成功\r\n\r\n**Git暂存管理**\r\n\r\ngit stash # 暂存\r\n\r\ngit stash list # 列所有stash\r\n\r\ngit stash apply # 恢复暂存的内容\r\n\r\ngit stash drop # 删除暂存区\r\n\r\n**Git远程分支管理**\r\n\r\ngit pull # 抓取远程仓库所有分支更新并合并到本地\r\n\r\ngit pull --no-ff # 抓取远程仓库所有分支更新并合并到本地，不要快进合并\r\n\r\ngit fetch origin # 抓取远程仓库更新\r\n\r\ngit merge origin/master # 将远程主分支合并到本地当前分支\r\n\r\ngit co --track origin/branch # 跟踪某个远程分支创建相应的本地分支\r\n\r\ngit co -b <local_branch> origin/<remote_branch> # 基于远程分支创建本地分支，功能同上\r\n\r\ngit push # push所有分支\r\n\r\ngit push origin master # 将本地主分支推到远程主分支\r\n\r\ngit push -u origin master # 将本地主分支推到远程(如无远程主分支则创建，用于初始化远程仓库)\r\n\r\ngit push origin <local_branch> # 创建远程分支， origin是远程仓库名\r\n\r\ngit push origin <local_branch>:<remote_branch> # 创建远程分支\r\n\r\ngit push origin :<remote_branch> #先删除本地分支(git br -d <branch>)，然后再push删除远程分支\r\n\r\n**Git远程仓库管理**\r\n\r\ngit remote -v # 查看远程服务器地址和仓库名称\r\n\r\ngit remote show origin # 查看远程服务器仓库状态\r\n\r\ngit remote add origin git@ github:robbin/robbin_site.git # 添加远程仓库地址\r\n\r\ngit remote set-url origin git@ github.com:robbin/robbin_site.git # 设置远程仓库地址(用于修改远程仓库地址) git remote rm <repository> # 删除远程仓库\r\n\r\n**创建远程仓库**\r\n\r\ngit clone --bare robbin_site robbin_site.git # 用带版本的项目创建纯版本仓库\r\n\r\nscp -r my_project.git git@ git.csdn.net:~ # 将纯仓库上传到服务器上\r\n\r\nmkdir robbin_site.git && cd robbin_site.git && git --bare init # 在服务器创建纯仓库\r\n\r\ngit remote add origin git@ github.com:robbin/robbin_site.git # 设置远程仓库地址\r\n\r\ngit push -u origin master # 客户端首次提交\r\n\r\ngit push -u origin develop # 首次将本地develop分支提交到远程develop分支，并且track\r\n\r\ngit remote set-head origin master # 设置远程仓库的HEAD指向master分支\r\n\r\n也可以命令设置跟踪远程库和本地库\r\n\r\ngit branch --set-upstream master origin/master\r\n\r\ngit branch --set-upstream develop origin/develop\r\n\r\n最后放个个人的仓库：https://github.com/AwesomeOps',0,1,NULL,'post','publish',NULL,0,'1','1','1',0),(31,NULL,'31',1718463788,1718463788,'<!--markdown-->原来天天开心才是最重要的 哈哈哈',0,1,NULL,'post','publish',NULL,0,'1','1','1',0),(40,'MY NOTEBOOK！！！','40',1718498220,1721144387,'<!--markdown-->由于个人总总原因吧，想买一台笔电，唯一的要求就是轻便，当然外观也得看的过去。为此翻遍了B站所有的评测视频，最终敲定了Redmibook Pro 14 与无界14x两款机器。这两款机器一个是非常符合个人的XP，一个是极具性价比（说实话还是没逃脱基因里的傻大黑粗）。当天晚上就马不停蹄的跑到商场去摸实机了，哈哈\r\n\r\n![图片1.jpg][1]\r\n\r\n一到小米之家，就被14pro的“优雅”吸引住了（用了几十年游戏本的van家真没想到轻薄本能有这么优雅），在柜台前左抬抬右放放，看遍了机身的整个细节(估计路人看我是傻子hh)。真被这款机子吸引到了，真有种“一见钟情”的感觉。\r\n回去晚上久久不能平静哈哈哈，趁着躁动的心当天晚上就在狗东入手啦！\r\n\r\n![图片2.jpg][2]\r\n\r\n第二天，上课的时候(JB学校，周六还上课），收到了快递的信息。没有多想，顶着烈日就冲过去了hh。\r\n\r\n![图片3.png][3]\r\n\r\n优雅，实在是优雅～，实在忍不住啦，直接就在课上拆了 哈哈哈 \r\n\r\n![图片4.png][4]\r\n我不知道这能不能叫冲动消费，但是做了自己想做的事情真的好爽啊！！！\r\n\r\n\r\n----------\r\n6.21\r\n用了几天，轻薄本确实很爽。特别是mi家的生态互联功能，在多平台复制文本的时候特别方便。但是也遇到了一些问题，感觉机身D面的强度太低，拿的容易变形。但是也还好，肯定不能跟Macbook比的嘛，hh\r\n\r\n  [1]: https://blog.geekie.site/usr/uploads/2024/06/875167944.jpg\r\n  [2]: https://blog.geekie.site/usr/uploads/2024/06/1665816067.jpg\r\n  [3]: https://blog.geekie.site/usr/uploads/2024/06/1845455429.png\r\n  [4]: https://blog.geekie.site/usr/uploads/2024/06/1684886452.png',0,1,NULL,'post','private',NULL,0,'1','1','1',0),(47,'图片1.jpg','图片1-jpg',1718498711,1718498711,'a:5:{s:4:\"name\";s:11:\"图片1.jpg\";s:4:\"path\";s:34:\"/usr/uploads/2024/06/875167944.jpg\";s:4:\"size\";i:102399;s:4:\"type\";s:3:\"jpg\";s:4:\"mime\";s:10:\"image/jpeg\";}',1,1,NULL,'attachment','publish',NULL,0,'1','0','1',40),(48,'图片2.jpg','图片2-jpg',1718498716,1718498716,'a:5:{s:4:\"name\";s:11:\"图片2.jpg\";s:4:\"path\";s:35:\"/usr/uploads/2024/06/1665816067.jpg\";s:4:\"size\";i:52317;s:4:\"type\";s:3:\"jpg\";s:4:\"mime\";s:10:\"image/jpeg\";}',2,1,NULL,'attachment','publish',NULL,0,'1','0','1',40),(49,'图片3.png','图片3-png-1',1718498726,1718498726,'a:5:{s:4:\"name\";s:11:\"图片3.png\";s:4:\"path\";s:35:\"/usr/uploads/2024/06/1845455429.png\";s:4:\"size\";i:477815;s:4:\"type\";s:3:\"png\";s:4:\"mime\";s:9:\"image/png\";}',3,1,NULL,'attachment','publish',NULL,0,'1','0','1',40),(50,'图片4.png','图片4-png-1',1718498736,1718498736,'a:5:{s:4:\"name\";s:11:\"图片4.png\";s:4:\"path\";s:35:\"/usr/uploads/2024/06/1684886452.png\";s:4:\"size\";i:294119;s:4:\"type\";s:3:\"png\";s:4:\"mime\";s:9:\"image/png\";}',4,1,NULL,'attachment','publish',NULL,0,'1','0','1',40),(53,'图片1.png','图片1-png-1',1718512048,1718512048,'a:5:{s:4:\"name\";s:11:\"图片1.png\";s:4:\"path\";s:34:\"/usr/uploads/2024/06/484306017.png\";s:4:\"size\";i:17060;s:4:\"type\";s:3:\"png\";s:4:\"mime\";s:9:\"image/png\";}',1,1,NULL,'attachment','publish',NULL,0,'1','0','1',57),(54,'图片2.png','图片2-png-1',1718512061,1718512061,'a:5:{s:4:\"name\";s:11:\"图片2.png\";s:4:\"path\";s:35:\"/usr/uploads/2024/06/4090876394.png\";s:4:\"size\";i:228625;s:4:\"type\";s:3:\"png\";s:4:\"mime\";s:9:\"image/png\";}',2,1,NULL,'attachment','publish',NULL,0,'1','0','1',57),(55,'图片3.jpg','图片3-jpg',1718512082,1718512082,'a:5:{s:4:\"name\";s:11:\"图片3.jpg\";s:4:\"path\";s:35:\"/usr/uploads/2024/06/2761622986.jpg\";s:4:\"size\";i:158376;s:4:\"type\";s:3:\"jpg\";s:4:\"mime\";s:10:\"image/jpeg\";}',3,1,NULL,'attachment','publish',NULL,0,'1','0','1',57),(56,'图片4.png','图片4-png-2',1718512099,1718512099,'a:5:{s:4:\"name\";s:11:\"图片4.png\";s:4:\"path\";s:35:\"/usr/uploads/2024/06/1733450876.png\";s:4:\"size\";i:614444;s:4:\"type\";s:3:\"png\";s:4:\"mime\";s:9:\"image/png\";}',4,1,NULL,'attachment','publish',NULL,0,'1','0','1',57),(57,'Wireshark抓取激活服务器域名，防止联网自动激活','57',1718512080,1718982421,'<!--markdown-->上大学以来，一直在忙学业相关的事情，都快忘记我这个半吊子“geeker”的身份了，哈哈\r\n正好，趁着这次“冲动消费”，来学学抓包相关的知识。把windows自动激活屏蔽掉，防止618又降价退不了啦 哈哈哈！\r\n![图片1.png][1]\r\n\r\n\r\n简单的google了下，找到了Wireshark这款软件，无脑下一步后，安装了下来。\r\n第一步，当然是抓一下本机IP啦，在PING了小破站的后迫不及待的把ip输入了进去，结果不出意外的出意外了 \r\n![图片2.png][2]\r\n\r\n\r\n嗯，查了下相关文档，原来IP的检索需要遵循一定的语法知识，简单来说就是IP地址+协议名 ip.addr == 47.103.24.173 and icmp 嗯，又遇到不会的新协议了。简单的查了下 ICMP（互联网消息控制协议）就是用来诊断通信问题的协议，如果遇到传输问题，它会向设备两端提交错误信息。\r\n再测试完本地B站抓取后，然后就是对新电脑的自动激活域名的抓取了。先创建了一个没有internet的局域网环境，将新电脑接入此环境，利用wireshake自动抓取\r\n![图片3.jpg][3]\r\n\r\n\r\n最后是将抓取的域名利用host文件和YogaDns将其污染掉，然后就能得到既能上网，又能防止激活的笔电啦！！！\r\n![图片4.png][4]\r\n\r\n\r\n  [1]: https://blog.geekie.site/usr/uploads/2024/06/484306017.png\r\n  [2]: https://blog.geekie.site/usr/uploads/2024/06/4090876394.png\r\n  [3]: https://blog.geekie.site/usr/uploads/2024/06/2761622986.jpg\r\n  [4]: https://blog.geekie.site/usr/uploads/2024/06/1733450876.png',0,1,NULL,'post','publish',NULL,0,'1','1','1',0),(58,'IMG_20240426_190608.jpg','IMG_20240426_190608-jpg',1718984352,1718984352,'a:5:{s:4:\"name\";s:23:\"IMG_20240426_190608.jpg\";s:4:\"path\";s:35:\"/usr/uploads/2024/06/3511169549.jpg\";s:4:\"size\";i:2509506;s:4:\"type\";s:3:\"jpg\";s:4:\"mime\";s:10:\"image/jpeg\";}',1,1,NULL,'attachment','publish',NULL,0,'1','0','1',59),(59,'数学建模校赛（4/25-4/30）','59',1718987100,1721144332,'<!--markdown-->6月21日，不知道为什么，就是想来写点东西。想了一下，正好发现数模校赛的奖状在周三发了下来。翻了翻4月份的相册，真是感慨万千！\r\n\r\n\r\n----------\r\n4月25日晚，题目出来了。那天晚上我搜寻了很多相关信息，发现A题目是最传统的建模题目，即优化问题。B题好像是队友周发现是前几年比赛的现成题目，有相关的论文参考。C题是简单的编程问题，我觉得难度太低，而且论文不好写，就直接排除掉了，D E F是啥来着，有点记不清了，反正当中有个涉及到冰箱温度的物理题，我不喜欢。G题，运动会优化模型，涉及到了数据处理，是很传统的“C题目”。起初，我就瞄定了A C G这三道题，因为A题非常传统，应该能找到很多有用的信息，C G题有现成的论文参考 写起来应该相对轻松。\r\n\r\n----------\r\n4月26日中午，经过了一上午的信息整合，我们还是确定下了最终选题为G题，因为我认为G题相较于其他题目有着独特的优势，它既是传统的数据处理“C题”，又是有现成论文的题目，还靠后（选的人可能少，竞争小）。嗯嗯，感觉我吵架又吵赢了呢hh。确定下来了就干呗，画了好多excel表啊（周帮了不少忙hh） ，分析了好多数据啊 现在想起来都可怕！\r\n\r\n \r\n![IMG_20240426_190608.jpg][2]\r\n\r\n\r\n----------\r\n奇怪，我相册里竟然没有4月27日的照片，也不太记得清楚那天干嘛了，可能就是认真学了那两篇论文的思路吧\r\n\r\n\r\n----------\r\n4月28日凌晨，记得当天真的很累，连续熬了很多天的夜了。但看到这样的队友，真的是让人有股内在的动力，真心感谢能遇到这样的队友\r\n\r\n![Screenshot_2024-04-28-00-43-48-807_com.tencent.tim(1).jpg][3]\r\n\r\n凌晨3点，咬咬牙坚持了下来。感觉很爽！！！！！！！！！！\r\n\r\n![IMG_20240428_032646.jpg][4]\r\n\r\n\r\n----------\r\n4月29日，不太记得发生什么了，隐隐约约回忆起当天的进度好像比预期落后了点，还是挺焦虑的，这一天 。\r\n\r\n![CRnall_20240429_165606030.jpg][5]\r\n\r\n\r\n----------\r\n4月30日晚，完成了，终于完成了。很难用言语形象当天晚上的开心，真的很感激自己能一直坚持下来。\r\n\r\n![CRnall_20240430_204225944.jpg][6]\r\n\r\n拜拜啦，您嘞！\r\n\r\n![CRnall_20240430_205426214.jpg][7]\r\n\r\n去吃好吃的咯！\r\n\r\n![CRnall_20240430_211723863.jpg][8]\r\n\r\n\r\n----------\r\n回到今天，结果当然是好的啦！\r\n\r\n![IMG_20240622_002609.jpg][9]\r\n\r\n第一次以第一名的身份领奖，hh\r\n\r\n![1718983923756.png][10]\r\n\r\n\r\n----------\r\n我不想逼逼赖赖地写一些总结，我今天就是很感谢过去的我做的着一些事情吧！\r\n\r\n  [1]: https://blog.geekie.site/usr/uploads/2024/06/3747663583.jpg\r\n  [2]: https://blog.geekie.site/usr/uploads/2024/06/3511169549.jpg\r\n  [3]: https://blog.geekie.site/usr/uploads/2024/06/1433151164.jpg\r\n  [4]: https://blog.geekie.site/usr/uploads/2024/06/3700427471.jpg\r\n  [5]: https://blog.geekie.site/usr/uploads/2024/06/2765992070.jpg\r\n  [6]: https://blog.geekie.site/usr/uploads/2024/06/97075583.jpg\r\n  [7]: https://blog.geekie.site/usr/uploads/2024/06/1378016235.jpg\r\n  [8]: https://blog.geekie.site/usr/uploads/2024/06/2672128908.jpg\r\n  [9]: https://blog.geekie.site/usr/uploads/2024/06/169684563.jpg\r\n  [10]: https://blog.geekie.site/usr/uploads/2024/06/711749301.png',0,1,NULL,'post','private',NULL,0,'1','1','1',0),(63,'Screenshot_2024-04-28-00-43-48-807_com.tencent.tim(1).jpg','Screenshot_2024-04-28-00-43-48-807_com-tencent-tim-1-jpg',1718986330,1718986330,'a:5:{s:4:\"name\";s:57:\"Screenshot_2024-04-28-00-43-48-807_com.tencent.tim(1).jpg\";s:4:\"path\";s:35:\"/usr/uploads/2024/06/1433151164.jpg\";s:4:\"size\";i:576031;s:4:\"type\";s:3:\"jpg\";s:4:\"mime\";s:10:\"image/jpeg\";}',2,1,NULL,'attachment','publish',NULL,0,'1','0','1',59),(64,'IMG_20240428_032646.jpg','IMG_20240428_032646-jpg',1718986389,1718986389,'a:5:{s:4:\"name\";s:23:\"IMG_20240428_032646.jpg\";s:4:\"path\";s:35:\"/usr/uploads/2024/06/3700427471.jpg\";s:4:\"size\";i:4512086;s:4:\"type\";s:3:\"jpg\";s:4:\"mime\";s:10:\"image/jpeg\";}',3,1,NULL,'attachment','publish',NULL,0,'1','0','1',59),(65,'CRnall_20240429_165606030.jpg','CRnall_20240429_165606030-jpg',1718986491,1718986491,'a:5:{s:4:\"name\";s:29:\"CRnall_20240429_165606030.jpg\";s:4:\"path\";s:35:\"/usr/uploads/2024/06/2765992070.jpg\";s:4:\"size\";i:7700353;s:4:\"type\";s:3:\"jpg\";s:4:\"mime\";s:10:\"image/jpeg\";}',4,1,NULL,'attachment','publish',NULL,0,'1','0','1',59),(66,'CRnall_20240430_204225944.jpg','CRnall_20240430_204225944-jpg',1718986708,1718986708,'a:5:{s:4:\"name\";s:29:\"CRnall_20240430_204225944.jpg\";s:4:\"path\";s:33:\"/usr/uploads/2024/06/97075583.jpg\";s:4:\"size\";i:7034987;s:4:\"type\";s:3:\"jpg\";s:4:\"mime\";s:10:\"image/jpeg\";}',5,1,NULL,'attachment','publish',NULL,0,'1','0','1',59),(67,'CRnall_20240430_205426214.jpg','CRnall_20240430_205426214-jpg',1718986765,1718986765,'a:5:{s:4:\"name\";s:29:\"CRnall_20240430_205426214.jpg\";s:4:\"path\";s:35:\"/usr/uploads/2024/06/1378016235.jpg\";s:4:\"size\";i:7342227;s:4:\"type\";s:3:\"jpg\";s:4:\"mime\";s:10:\"image/jpeg\";}',6,1,NULL,'attachment','publish',NULL,0,'1','0','1',59),(68,'CRnall_20240430_205426214.jpg','CRnall_20240430_205426214-jpg-1',1718986818,1718986818,'a:5:{s:4:\"name\";s:29:\"CRnall_20240430_205426214.jpg\";s:4:\"path\";s:34:\"/usr/uploads/2024/06/205680653.jpg\";s:4:\"size\";i:7342227;s:4:\"type\";s:3:\"jpg\";s:4:\"mime\";s:10:\"image/jpeg\";}',7,1,NULL,'attachment','publish',NULL,0,'1','0','1',59),(69,'IMG_20240622_002609.jpg','IMG_20240622_002609-jpg',1718987026,1718987026,'a:5:{s:4:\"name\";s:23:\"IMG_20240622_002609.jpg\";s:4:\"path\";s:34:\"/usr/uploads/2024/06/169684563.jpg\";s:4:\"size\";i:8825640;s:4:\"type\";s:3:\"jpg\";s:4:\"mime\";s:10:\"image/jpeg\";}',8,1,NULL,'attachment','publish',NULL,0,'1','0','1',59),(70,'IMG_20240622_002609.jpg','IMG_20240622_002609-jpg-1',1718987074,1718987074,'a:5:{s:4:\"name\";s:23:\"IMG_20240622_002609.jpg\";s:4:\"path\";s:35:\"/usr/uploads/2024/06/1449712166.jpg\";s:4:\"size\";i:8825640;s:4:\"type\";s:3:\"jpg\";s:4:\"mime\";s:10:\"image/jpeg\";}',9,1,NULL,'attachment','publish',NULL,0,'1','0','1',59),(71,'1718983923756.png','1718983923756-png',1718987097,1718987097,'a:5:{s:4:\"name\";s:17:\"1718983923756.png\";s:4:\"path\";s:34:\"/usr/uploads/2024/06/711749301.png\";s:4:\"size\";i:2422825;s:4:\"type\";s:3:\"png\";s:4:\"mime\";s:9:\"image/png\";}',10,1,NULL,'attachment','publish',NULL,0,'1','0','1',59),(73,'CRnall_20240430_211723863.jpg','CRnall_20240430_211723863-jpg',1718987345,1718987345,'a:5:{s:4:\"name\";s:29:\"CRnall_20240430_211723863.jpg\";s:4:\"path\";s:35:\"/usr/uploads/2024/06/2672128908.jpg\";s:4:\"size\";i:8217835;s:4:\"type\";s:3:\"jpg\";s:4:\"mime\";s:10:\"image/jpeg\";}',11,1,NULL,'attachment','publish',NULL,0,'1','0','1',59),(75,'CRnall_20240622_174527357.jpg','CRnall_20240622_174527357-jpg',1720193512,1720193512,'a:5:{s:4:\"name\";s:29:\"CRnall_20240622_174527357.jpg\";s:4:\"path\";s:35:\"/usr/uploads/2024/07/2595239515.jpg\";s:4:\"size\";i:9881883;s:4:\"type\";s:3:\"jpg\";s:4:\"mime\";s:10:\"image/jpeg\";}',1,1,NULL,'attachment','publish',NULL,0,'1','0','1',79),(76,'1719066698891.png','1719066698891-png',1720193860,1720193860,'a:5:{s:4:\"name\";s:17:\"1719066698891.png\";s:4:\"path\";s:35:\"/usr/uploads/2024/07/2446090926.png\";s:4:\"size\";i:2841189;s:4:\"type\";s:3:\"png\";s:4:\"mime\";s:9:\"image/png\";}',2,1,NULL,'attachment','publish',NULL,0,'1','0','1',79),(77,'Screenshot_2024-07-05-23-46-33-052_com.tencent.tim.jpg','Screenshot_2024-07-05-23-46-33-052_com-tencent-tim-jpg',1720194294,1720194294,'a:5:{s:4:\"name\";s:54:\"Screenshot_2024-07-05-23-46-33-052_com.tencent.tim.jpg\";s:4:\"path\";s:35:\"/usr/uploads/2024/07/1697044839.jpg\";s:4:\"size\";i:824878;s:4:\"type\";s:3:\"jpg\";s:4:\"mime\";s:10:\"image/jpeg\";}',3,1,NULL,'attachment','publish',NULL,0,'1','0','1',79),(78,'IMG_20240623_174540.jpg','IMG_20240623_174540-jpg',1720195652,1720195652,'a:5:{s:4:\"name\";s:23:\"IMG_20240623_174540.jpg\";s:4:\"path\";s:35:\"/usr/uploads/2024/07/3479058749.jpg\";s:4:\"size\";i:5623186;s:4:\"type\";s:3:\"jpg\";s:4:\"mime\";s:10:\"image/jpeg\";}',4,1,NULL,'attachment','publish',NULL,0,'1','0','1',79),(79,'疯狂期末周(6/22-7/5）','79',1720197840,1721144252,'<!--markdown-->不知道为什么，感觉又过去了一个阶段，想写点东西记录之前的一些事情吧。\r\n\r\n\r\n----------\r\n6月22日，遇到了机械团建，仔细地想了下，感觉这是一次机会，正好能去认识下这些人，反正对这群人也挺感兴趣的，换句话说也能让这群人认识下我，正好这段时间发生的这些事也让我“大开眼界”。行，那就去呗！\r\n\r\n![CRnall_20240622_174527357.jpg][1]\r\n\r\n第一次参加这种活动，感觉蛮尬的。没办法硬着头皮上呗，哈哈哈\r\n\r\n![1719066698891.png][2]\r\n\r\n真的尬死了啊啊啊啊啊，都没好意思扒拉两口。但是，真没想到，竟然有意外收获！！！接到了个互联网+项目的活！跟项目负责人聊了一下，感觉还是挺聊得开的。行！那就开搞！！简单地学了下山海经可视化这个软件，一晚上就把这个可视化界面搞完了，但是也水的很，哈哈哈 数据都是错的，还都没连接上。嗯嗯，反正PPT大赛 \r\n\r\n![Screenshot_2024-07-05-23-46-33-052_com.tencent.tim.jpg][3]\r\n\r\n\r\n----------\r\n6月23日，一大早起来就感觉有点不对劲了，吃啥都没胃口。当时还都没在意，以为就是简单的太累了，直到课上到一半，感觉到发冷了，肯定发烧了(大哭，还有好多事情没做）。想了下，也是情理之中了。昨天就淋了好多雨，身上全湿透了，说到这就想骂这个SB学校，这么大的雨上尼玛课啊，去你妈的官僚主义，艹了。又熬夜了，G！没办法，去搞点药咯。\r\n\r\n![IMG_20240623_174540.jpg][4]\r\n\r\n\r\n----------\r\n6月24日，答辩了。看到自己搞的“水货”在PPT上边，还是挺有意思的，哈哈哈\r\n![CRnall_20240624_142914100.jpg][5]\r\n感觉这几天好忙，但还有好多事情没做，明天又要考试了，欸。好累啊啊啊啊啊啊啊啊啊啊啊啊啊啊啊啊啊。不对劲！状态不对，那就出去玩吧，哈哈哈哈哈\r\n\r\n![CRnall_20240624_192646820.jpg][6]\r\n\r\n\r\n----------\r\n6月25日，疯狂复习C语言\r\n\r\n![wx_camera_1719285800581.jpg][7]\r\n\r\n\r\n----------\r\n6月26日，不知道为什么，偶然间感觉桌面挺有感觉的，就随手拍了张，然后也萌生了写这篇博客的想法。\r\n\r\n![CRnall_20240626_104230477.jpg][8]\r\n\r\n然后这天也挺累的，那就出去买个西瓜吧！哈哈哈\r\n\r\n\r\n\r\n----------\r\n6月27号之后，这些科目就考的比较松了，也有比较充足的复习时间了。行，那慢慢搞呗\r\n\r\n![CRnall_20240628_194703116.jpg][9]\r\n\r\n\r\n----------\r\n6月30号，被他们机械的叫去说了下项目的事情。感觉我对这些东西还是挺感兴趣的，真心感觉挺有意思。行吧，既然决定来搞那就好好弄呗\r\n\r\n![CRnall_20240630_155911400.jpg][10]\r\n\r\n\r\n----------\r\n7月1号，马上就要考了，感觉进度还是跟不上啊啊啊。JB室友，天天打游戏，也贼几把吵。行，那我走呗！\r\n\r\n![CRnall_20240701_200607448.jpg][11]\r\n\r\n\r\n----------\r\n7月2号，明天就考了 感觉大家都开始复习了呢 哈哈哈哈！跟着给他们过了一遍，感觉还是蛮有意思的。\r\n\r\n![CRnall_20240702_194151520.jpg][12]\r\n\r\n\r\n----------\r\n7月3日，大头都考完啦。正好ljf说要请我们吃饭，就直接去啦，啊哈哈哈哈！\r\n\r\n![CRnall_20240703_183654387.jpg][13]\r\n\r\n\r\n----------\r\n7月4日，最后一颗了，冲啊！！！\r\n\r\n![wx_camera_1720057669641.jpg][14]\r\n\r\n\r\n----------\r\n7月5日，考完了当然是要出去玩的啦！！！\r\n\r\n![CRnall_20240705_133027555.jpg][15]\r\n\r\n\r\n----------\r\n没什么想说的，那就晚安吧 hh\r\n\r\n  [1]: https://blog.geekie.site/usr/uploads/2024/07/2595239515.jpg\r\n  [2]: https://blog.geekie.site/usr/uploads/2024/07/2446090926.png\r\n  [3]: https://blog.geekie.site/usr/uploads/2024/07/1697044839.jpg\r\n  [4]: https://blog.geekie.site/usr/uploads/2024/07/3479058749.jpg\r\n  [5]: https://blog.geekie.site/usr/uploads/2024/07/2504544837.jpg\r\n  [6]: https://blog.geekie.site/usr/uploads/2024/07/1513935969.jpg\r\n  [7]: https://blog.geekie.site/usr/uploads/2024/07/3743060579.jpg\r\n  [8]: https://blog.geekie.site/usr/uploads/2024/07/3642191467.jpg\r\n  [9]: https://blog.geekie.site/usr/uploads/2024/07/1503933999.jpg\r\n  [10]: https://blog.geekie.site/usr/uploads/2024/07/774588660.jpg\r\n  [11]: https://blog.geekie.site/usr/uploads/2024/07/2611605232.jpg\r\n  [12]: https://blog.geekie.site/usr/uploads/2024/07/3361308773.jpg\r\n  [13]: https://blog.geekie.site/usr/uploads/2024/07/3952988853.jpg\r\n  [14]: https://blog.geekie.site/usr/uploads/2024/07/3421913392.jpg\r\n  [15]: https://blog.geekie.site/usr/uploads/2024/07/2230628744.jpg',0,1,NULL,'post','private',NULL,0,'1','1','1',0),(80,'CRnall_20240624_142914100.jpg','CRnall_20240624_142914100-jpg',1720195848,1720195848,'a:5:{s:4:\"name\";s:29:\"CRnall_20240624_142914100.jpg\";s:4:\"path\";s:35:\"/usr/uploads/2024/07/2504544837.jpg\";s:4:\"size\";i:5130776;s:4:\"type\";s:3:\"jpg\";s:4:\"mime\";s:10:\"image/jpeg\";}',5,1,NULL,'attachment','publish',NULL,0,'1','0','1',79),(81,'CRnall_20240624_192646820.jpg','CRnall_20240624_192646820-jpg',1720196153,1720196153,'a:5:{s:4:\"name\";s:29:\"CRnall_20240624_192646820.jpg\";s:4:\"path\";s:35:\"/usr/uploads/2024/07/1513935969.jpg\";s:4:\"size\";i:7675038;s:4:\"type\";s:3:\"jpg\";s:4:\"mime\";s:10:\"image/jpeg\";}',6,1,NULL,'attachment','publish',NULL,0,'1','0','1',79),(82,'wx_camera_1719285800581.jpg','wx_camera_1719285800581-jpg',1720196258,1720196258,'a:5:{s:4:\"name\";s:27:\"wx_camera_1719285800581.jpg\";s:4:\"path\";s:35:\"/usr/uploads/2024/07/3743060579.jpg\";s:4:\"size\";i:1075327;s:4:\"type\";s:3:\"jpg\";s:4:\"mime\";s:10:\"image/jpeg\";}',7,1,NULL,'attachment','publish',NULL,0,'1','0','1',79),(83,'CRnall_20240626_104230477.jpg','CRnall_20240626_104230477-jpg',1720196401,1720196401,'a:5:{s:4:\"name\";s:29:\"CRnall_20240626_104230477.jpg\";s:4:\"path\";s:35:\"/usr/uploads/2024/07/3642191467.jpg\";s:4:\"size\";i:8639278;s:4:\"type\";s:3:\"jpg\";s:4:\"mime\";s:10:\"image/jpeg\";}',8,1,NULL,'attachment','publish',NULL,0,'1','0','1',79),(84,'CRnall_20240626_185207740.jpg','CRnall_20240626_185207740-jpg',1720196498,1720196498,'a:5:{s:4:\"name\";s:29:\"CRnall_20240626_185207740.jpg\";s:4:\"path\";s:35:\"/usr/uploads/2024/07/2288581683.jpg\";s:4:\"size\";i:8728523;s:4:\"type\";s:3:\"jpg\";s:4:\"mime\";s:10:\"image/jpeg\";}',9,1,NULL,'attachment','publish',NULL,0,'1','0','1',79),(85,'CRnall_20240628_194703116.jpg','CRnall_20240628_194703116-jpg',1720196730,1720196730,'a:5:{s:4:\"name\";s:29:\"CRnall_20240628_194703116.jpg\";s:4:\"path\";s:35:\"/usr/uploads/2024/07/1503933999.jpg\";s:4:\"size\";i:8787513;s:4:\"type\";s:3:\"jpg\";s:4:\"mime\";s:10:\"image/jpeg\";}',10,1,NULL,'attachment','publish',NULL,0,'1','0','1',79),(86,'CRnall_20240630_155911400.jpg','CRnall_20240630_155911400-jpg',1720196949,1720196949,'a:5:{s:4:\"name\";s:29:\"CRnall_20240630_155911400.jpg\";s:4:\"path\";s:34:\"/usr/uploads/2024/07/774588660.jpg\";s:4:\"size\";i:8519970;s:4:\"type\";s:3:\"jpg\";s:4:\"mime\";s:10:\"image/jpeg\";}',11,1,NULL,'attachment','publish',NULL,0,'1','0','1',79),(87,'CRnall_20240701_200607448.jpg','CRnall_20240701_200607448-jpg',1720197090,1720197090,'a:5:{s:4:\"name\";s:29:\"CRnall_20240701_200607448.jpg\";s:4:\"path\";s:35:\"/usr/uploads/2024/07/2611605232.jpg\";s:4:\"size\";i:7948206;s:4:\"type\";s:3:\"jpg\";s:4:\"mime\";s:10:\"image/jpeg\";}',12,1,NULL,'attachment','publish',NULL,0,'1','0','1',79),(88,'CRnall_20240702_194151520.jpg','CRnall_20240702_194151520-jpg',1720197188,1720197188,'a:5:{s:4:\"name\";s:29:\"CRnall_20240702_194151520.jpg\";s:4:\"path\";s:35:\"/usr/uploads/2024/07/3361308773.jpg\";s:4:\"size\";i:7657412;s:4:\"type\";s:3:\"jpg\";s:4:\"mime\";s:10:\"image/jpeg\";}',13,1,NULL,'attachment','publish',NULL,0,'1','0','1',79),(89,'CRnall_20240703_183654387.jpg','CRnall_20240703_183654387-jpg',1720197586,1720197586,'a:5:{s:4:\"name\";s:29:\"CRnall_20240703_183654387.jpg\";s:4:\"path\";s:35:\"/usr/uploads/2024/07/3952988853.jpg\";s:4:\"size\";i:8971271;s:4:\"type\";s:3:\"jpg\";s:4:\"mime\";s:10:\"image/jpeg\";}',14,1,NULL,'attachment','publish',NULL,0,'1','0','1',79),(90,'wx_camera_1720057669641.jpg','wx_camera_1720057669641-jpg',1720197651,1720197651,'a:5:{s:4:\"name\";s:27:\"wx_camera_1720057669641.jpg\";s:4:\"path\";s:35:\"/usr/uploads/2024/07/3421913392.jpg\";s:4:\"size\";i:1218344;s:4:\"type\";s:3:\"jpg\";s:4:\"mime\";s:10:\"image/jpeg\";}',15,1,NULL,'attachment','publish',NULL,0,'1','0','1',79),(91,'CRnall_20240705_133027555.jpg','CRnall_20240705_133027555-jpg',1720197815,1720197815,'a:5:{s:4:\"name\";s:29:\"CRnall_20240705_133027555.jpg\";s:4:\"path\";s:35:\"/usr/uploads/2024/07/2230628744.jpg\";s:4:\"size\";i:9709546;s:4:\"type\";s:3:\"jpg\";s:4:\"mime\";s:10:\"image/jpeg\";}',16,1,NULL,'attachment','publish',NULL,0,'1','0','1',79);
/*!40000 ALTER TABLE `typecho_contents` ENABLE KEYS */;
UNLOCK TABLES;

--
-- Table structure for table `typecho_fields`
--

DROP TABLE IF EXISTS `typecho_fields`;
/*!40101 SET @saved_cs_client     = @@character_set_client */;
/*!40101 SET character_set_client = utf8 */;
CREATE TABLE `typecho_fields` (
  `cid` int(10) unsigned NOT NULL,
  `name` varchar(150) NOT NULL,
  `type` varchar(8) DEFAULT 'str',
  `str_value` text,
  `int_value` int(10) DEFAULT '0',
  `float_value` float DEFAULT '0',
  PRIMARY KEY (`cid`,`name`),
  KEY `int_value` (`int_value`),
  KEY `float_value` (`float_value`)
) ENGINE=InnoDB DEFAULT CHARSET=utf8mb4;
/*!40101 SET character_set_client = @saved_cs_client */;

--
-- Dumping data for table `typecho_fields`
--

LOCK TABLES `typecho_fields` WRITE;
/*!40000 ALTER TABLE `typecho_fields` DISABLE KEYS */;
/*!40000 ALTER TABLE `typecho_fields` ENABLE KEYS */;
UNLOCK TABLES;

--
-- Table structure for table `typecho_metas`
--

DROP TABLE IF EXISTS `typecho_metas`;
/*!40101 SET @saved_cs_client     = @@character_set_client */;
/*!40101 SET character_set_client = utf8 */;
CREATE TABLE `typecho_metas` (
  `mid` int(10) unsigned NOT NULL AUTO_INCREMENT,
  `name` varchar(150) DEFAULT NULL,
  `slug` varchar(150) DEFAULT NULL,
  `type` varchar(32) NOT NULL,
  `description` varchar(150) DEFAULT NULL,
  `count` int(10) unsigned DEFAULT '0',
  `order` int(10) unsigned DEFAULT '0',
  `parent` int(10) unsigned DEFAULT '0',
  PRIMARY KEY (`mid`),
  KEY `slug` (`slug`)
) ENGINE=InnoDB AUTO_INCREMENT=6 DEFAULT CHARSET=utf8mb4;
/*!40101 SET character_set_client = @saved_cs_client */;

--
-- Dumping data for table `typecho_metas`
--

LOCK TABLES `typecho_metas` WRITE;
/*!40000 ALTER TABLE `typecho_metas` DISABLE KEYS */;
INSERT INTO `typecho_metas` VALUES (1,'默认分类','default','category','只是一个默认分类',9,0,0),(2,'Yuan','Yuan','tag',NULL,0,0,0),(3,'Yuan.Sn','Yuan-Sn','tag',NULL,0,0,0),(4,'yuan blog','yuan-blog','tag',NULL,0,0,0),(5,'数学建模','数学建模','category','记录我数学建模的成长经历',1,1,0);
/*!40000 ALTER TABLE `typecho_metas` ENABLE KEYS */;
UNLOCK TABLES;

--
-- Table structure for table `typecho_options`
--

DROP TABLE IF EXISTS `typecho_options`;
/*!40101 SET @saved_cs_client     = @@character_set_client */;
/*!40101 SET character_set_client = utf8 */;
CREATE TABLE `typecho_options` (
  `name` varchar(32) NOT NULL,
  `user` int(10) unsigned NOT NULL DEFAULT '0',
  `value` text,
  PRIMARY KEY (`name`,`user`)
) ENGINE=InnoDB DEFAULT CHARSET=utf8mb4;
/*!40101 SET character_set_client = @saved_cs_client */;

--
-- Dumping data for table `typecho_options`
--

LOCK TABLES `typecho_options` WRITE;
/*!40000 ALTER TABLE `typecho_options` DISABLE KEYS */;
INSERT INTO `typecho_options` VALUES ('actionTable',0,'a:0:{}'),('allowRegister',0,'1'),('allowXmlRpc',0,'2'),('attachmentTypes',0,'@image@,@media@,@doc@,.c'),('autoSave',0,'0'),('charset',0,'UTF-8'),('commentDateFormat',0,'F jS, Y \\a\\t h:i a'),('commentsAntiSpam',0,'1'),('commentsAutoClose',0,'0'),('commentsAvatar',0,'1'),('commentsAvatarRating',0,'G'),('commentsCheckReferer',0,'1'),('commentsHTMLTagAllowed',0,NULL),('commentsListSize',0,'10'),('commentsMarkdown',0,'0'),('commentsMaxNestingLevels',0,'5'),('commentsOrder',0,'ASC'),('commentsPageBreak',0,'0'),('commentsPageDisplay',0,'last'),('commentsPageSize',0,'20'),('commentsPostInterval',0,'60'),('commentsPostIntervalEnable',0,'1'),('commentsPostTimeout',0,'2592000'),('commentsRequireMail',0,'1'),('commentsRequireModeration',0,'0'),('commentsRequireURL',0,'0'),('commentsShowCommentOnly',0,'0'),('commentsShowUrl',0,'1'),('commentsThreaded',0,'1'),('commentsUrlNofollow',0,'1'),('commentsWhitelist',0,'0'),('contentType',0,'text/html'),('defaultAllowComment',0,'1'),('defaultAllowFeed',0,'1'),('defaultAllowPing',0,'1'),('defaultCategory',0,'1'),('description',0,'个人博客，想写啥就写啥'),('editorSize',0,'350'),('feedFullText',0,'1'),('frontArchive',0,'0'),('frontPage',0,'recent'),('generator',0,'Typecho 1.2.1'),('gzip',0,'0'),('installed',0,'1'),('keywords',0,'blog，yuan，yuan.sn,Yuan.Sn,Yuan\'s blog,yuan\'s blog'),('lang',0,NULL),('markdown',0,'1'),('pageSize',0,'5'),('panelTable',0,'a:0:{}'),('plugin:HelloWorld',0,'a:1:{s:4:\"word\";s:11:\"Hello World\";}'),('plugins',0,'a:2:{s:9:\"activated\";a:1:{s:10:\"HelloWorld\";a:1:{s:7:\"handles\";a:1:{s:21:\"admin/menu.php:navBar\";a:1:{i:0;s:39:\"TypechoPlugin\\HelloWorld\\Plugin::render\";}}}}s:7:\"handles\";a:1:{s:21:\"admin/menu.php:navBar\";a:1:{i:0;s:39:\"TypechoPlugin\\HelloWorld\\Plugin::render\";}}}'),('postDateFormat',0,'Y-m-d'),('postsListSize',0,'10'),('rewrite',0,'0'),('routingTable',0,'a:26:{i:0;a:25:{s:5:\"index\";a:6:{s:3:\"url\";s:1:\"/\";s:6:\"widget\";s:15:\"\\Widget\\Archive\";s:6:\"action\";s:6:\"render\";s:4:\"regx\";s:8:\"|^[/]?$|\";s:6:\"format\";s:1:\"/\";s:6:\"params\";a:0:{}}s:7:\"archive\";a:6:{s:3:\"url\";s:6:\"/blog/\";s:6:\"widget\";s:15:\"\\Widget\\Archive\";s:6:\"action\";s:6:\"render\";s:4:\"regx\";s:13:\"|^/blog[/]?$|\";s:6:\"format\";s:6:\"/blog/\";s:6:\"params\";a:0:{}}s:2:\"do\";a:6:{s:3:\"url\";s:22:\"/action/[action:alpha]\";s:6:\"widget\";s:14:\"\\Widget\\Action\";s:6:\"action\";s:6:\"action\";s:4:\"regx\";s:32:\"|^/action/([_0-9a-zA-Z-]+)[/]?$|\";s:6:\"format\";s:10:\"/action/%s\";s:6:\"params\";a:1:{i:0;s:6:\"action\";}}s:4:\"post\";a:6:{s:3:\"url\";s:21:\"/archives/[slug].html\";s:6:\"widget\";s:15:\"\\Widget\\Archive\";s:6:\"action\";s:6:\"render\";s:4:\"regx\";s:31:\"|^/archives/([^/]+)\\.html[/]?$|\";s:6:\"format\";s:17:\"/archives/%s.html\";s:6:\"params\";a:1:{i:0;s:4:\"slug\";}}s:10:\"attachment\";a:6:{s:3:\"url\";s:26:\"/attachment/[cid:digital]/\";s:6:\"widget\";s:15:\"\\Widget\\Archive\";s:6:\"action\";s:6:\"render\";s:4:\"regx\";s:28:\"|^/attachment/([0-9]+)[/]?$|\";s:6:\"format\";s:15:\"/attachment/%s/\";s:6:\"params\";a:1:{i:0;s:3:\"cid\";}}s:8:\"category\";a:6:{s:3:\"url\";s:17:\"/category/[slug]/\";s:6:\"widget\";s:15:\"\\Widget\\Archive\";s:6:\"action\";s:6:\"render\";s:4:\"regx\";s:25:\"|^/category/([^/]+)[/]?$|\";s:6:\"format\";s:13:\"/category/%s/\";s:6:\"params\";a:1:{i:0;s:4:\"slug\";}}s:3:\"tag\";a:6:{s:3:\"url\";s:12:\"/tag/[slug]/\";s:6:\"widget\";s:15:\"\\Widget\\Archive\";s:6:\"action\";s:6:\"render\";s:4:\"regx\";s:20:\"|^/tag/([^/]+)[/]?$|\";s:6:\"format\";s:8:\"/tag/%s/\";s:6:\"params\";a:1:{i:0;s:4:\"slug\";}}s:6:\"author\";a:6:{s:3:\"url\";s:22:\"/author/[uid:digital]/\";s:6:\"widget\";s:15:\"\\Widget\\Archive\";s:6:\"action\";s:6:\"render\";s:4:\"regx\";s:24:\"|^/author/([0-9]+)[/]?$|\";s:6:\"format\";s:11:\"/author/%s/\";s:6:\"params\";a:1:{i:0;s:3:\"uid\";}}s:6:\"search\";a:6:{s:3:\"url\";s:19:\"/search/[keywords]/\";s:6:\"widget\";s:15:\"\\Widget\\Archive\";s:6:\"action\";s:6:\"render\";s:4:\"regx\";s:23:\"|^/search/([^/]+)[/]?$|\";s:6:\"format\";s:11:\"/search/%s/\";s:6:\"params\";a:1:{i:0;s:8:\"keywords\";}}s:10:\"index_page\";a:6:{s:3:\"url\";s:21:\"/page/[page:digital]/\";s:6:\"widget\";s:15:\"\\Widget\\Archive\";s:6:\"action\";s:6:\"render\";s:4:\"regx\";s:22:\"|^/page/([0-9]+)[/]?$|\";s:6:\"format\";s:9:\"/page/%s/\";s:6:\"params\";a:1:{i:0;s:4:\"page\";}}s:12:\"archive_page\";a:6:{s:3:\"url\";s:26:\"/blog/page/[page:digital]/\";s:6:\"widget\";s:15:\"\\Widget\\Archive\";s:6:\"action\";s:6:\"render\";s:4:\"regx\";s:27:\"|^/blog/page/([0-9]+)[/]?$|\";s:6:\"format\";s:14:\"/blog/page/%s/\";s:6:\"params\";a:1:{i:0;s:4:\"page\";}}s:13:\"category_page\";a:6:{s:3:\"url\";s:32:\"/category/[slug]/[page:digital]/\";s:6:\"widget\";s:15:\"\\Widget\\Archive\";s:6:\"action\";s:6:\"render\";s:4:\"regx\";s:34:\"|^/category/([^/]+)/([0-9]+)[/]?$|\";s:6:\"format\";s:16:\"/category/%s/%s/\";s:6:\"params\";a:2:{i:0;s:4:\"slug\";i:1;s:4:\"page\";}}s:8:\"tag_page\";a:6:{s:3:\"url\";s:27:\"/tag/[slug]/[page:digital]/\";s:6:\"widget\";s:15:\"\\Widget\\Archive\";s:6:\"action\";s:6:\"render\";s:4:\"regx\";s:29:\"|^/tag/([^/]+)/([0-9]+)[/]?$|\";s:6:\"format\";s:11:\"/tag/%s/%s/\";s:6:\"params\";a:2:{i:0;s:4:\"slug\";i:1;s:4:\"page\";}}s:11:\"author_page\";a:6:{s:3:\"url\";s:37:\"/author/[uid:digital]/[page:digital]/\";s:6:\"widget\";s:15:\"\\Widget\\Archive\";s:6:\"action\";s:6:\"render\";s:4:\"regx\";s:33:\"|^/author/([0-9]+)/([0-9]+)[/]?$|\";s:6:\"format\";s:14:\"/author/%s/%s/\";s:6:\"params\";a:2:{i:0;s:3:\"uid\";i:1;s:4:\"page\";}}s:11:\"search_page\";a:6:{s:3:\"url\";s:34:\"/search/[keywords]/[page:digital]/\";s:6:\"widget\";s:15:\"\\Widget\\Archive\";s:6:\"action\";s:6:\"render\";s:4:\"regx\";s:32:\"|^/search/([^/]+)/([0-9]+)[/]?$|\";s:6:\"format\";s:14:\"/search/%s/%s/\";s:6:\"params\";a:2:{i:0;s:8:\"keywords\";i:1;s:4:\"page\";}}s:12:\"archive_year\";a:6:{s:3:\"url\";s:18:\"/[year:digital:4]/\";s:6:\"widget\";s:15:\"\\Widget\\Archive\";s:6:\"action\";s:6:\"render\";s:4:\"regx\";s:19:\"|^/([0-9]{4})[/]?$|\";s:6:\"format\";s:4:\"/%s/\";s:6:\"params\";a:1:{i:0;s:4:\"year\";}}s:13:\"archive_month\";a:6:{s:3:\"url\";s:36:\"/[year:digital:4]/[month:digital:2]/\";s:6:\"widget\";s:15:\"\\Widget\\Archive\";s:6:\"action\";s:6:\"render\";s:4:\"regx\";s:30:\"|^/([0-9]{4})/([0-9]{2})[/]?$|\";s:6:\"format\";s:7:\"/%s/%s/\";s:6:\"params\";a:2:{i:0;s:4:\"year\";i:1;s:5:\"month\";}}s:11:\"archive_day\";a:6:{s:3:\"url\";s:52:\"/[year:digital:4]/[month:digital:2]/[day:digital:2]/\";s:6:\"widget\";s:15:\"\\Widget\\Archive\";s:6:\"action\";s:6:\"render\";s:4:\"regx\";s:41:\"|^/([0-9]{4})/([0-9]{2})/([0-9]{2})[/]?$|\";s:6:\"format\";s:10:\"/%s/%s/%s/\";s:6:\"params\";a:3:{i:0;s:4:\"year\";i:1;s:5:\"month\";i:2;s:3:\"day\";}}s:17:\"archive_year_page\";a:6:{s:3:\"url\";s:38:\"/[year:digital:4]/page/[page:digital]/\";s:6:\"widget\";s:15:\"\\Widget\\Archive\";s:6:\"action\";s:6:\"render\";s:4:\"regx\";s:33:\"|^/([0-9]{4})/page/([0-9]+)[/]?$|\";s:6:\"format\";s:12:\"/%s/page/%s/\";s:6:\"params\";a:2:{i:0;s:4:\"year\";i:1;s:4:\"page\";}}s:18:\"archive_month_page\";a:6:{s:3:\"url\";s:56:\"/[year:digital:4]/[month:digital:2]/page/[page:digital]/\";s:6:\"widget\";s:15:\"\\Widget\\Archive\";s:6:\"action\";s:6:\"render\";s:4:\"regx\";s:44:\"|^/([0-9]{4})/([0-9]{2})/page/([0-9]+)[/]?$|\";s:6:\"format\";s:15:\"/%s/%s/page/%s/\";s:6:\"params\";a:3:{i:0;s:4:\"year\";i:1;s:5:\"month\";i:2;s:4:\"page\";}}s:16:\"archive_day_page\";a:6:{s:3:\"url\";s:72:\"/[year:digital:4]/[month:digital:2]/[day:digital:2]/page/[page:digital]/\";s:6:\"widget\";s:15:\"\\Widget\\Archive\";s:6:\"action\";s:6:\"render\";s:4:\"regx\";s:55:\"|^/([0-9]{4})/([0-9]{2})/([0-9]{2})/page/([0-9]+)[/]?$|\";s:6:\"format\";s:18:\"/%s/%s/%s/page/%s/\";s:6:\"params\";a:4:{i:0;s:4:\"year\";i:1;s:5:\"month\";i:2;s:3:\"day\";i:3;s:4:\"page\";}}s:12:\"comment_page\";a:6:{s:3:\"url\";s:53:\"[permalink:string]/comment-page-[commentPage:digital]\";s:6:\"widget\";s:15:\"\\Widget\\Archive\";s:6:\"action\";s:6:\"render\";s:4:\"regx\";s:36:\"|^(.+)/comment\\-page\\-([0-9]+)[/]?$|\";s:6:\"format\";s:18:\"%s/comment-page-%s\";s:6:\"params\";a:2:{i:0;s:9:\"permalink\";i:1;s:11:\"commentPage\";}}s:4:\"feed\";a:6:{s:3:\"url\";s:20:\"/feed[feed:string:0]\";s:6:\"widget\";s:15:\"\\Widget\\Archive\";s:6:\"action\";s:4:\"feed\";s:4:\"regx\";s:17:\"|^/feed(.*)[/]?$|\";s:6:\"format\";s:7:\"/feed%s\";s:6:\"params\";a:1:{i:0;s:4:\"feed\";}}s:8:\"feedback\";a:6:{s:3:\"url\";s:31:\"[permalink:string]/[type:alpha]\";s:6:\"widget\";s:16:\"\\Widget\\Feedback\";s:6:\"action\";s:6:\"action\";s:4:\"regx\";s:29:\"|^(.+)/([_0-9a-zA-Z-]+)[/]?$|\";s:6:\"format\";s:5:\"%s/%s\";s:6:\"params\";a:2:{i:0;s:9:\"permalink\";i:1;s:4:\"type\";}}s:4:\"page\";a:6:{s:3:\"url\";s:12:\"/[slug].html\";s:6:\"widget\";s:15:\"\\Widget\\Archive\";s:6:\"action\";s:6:\"render\";s:4:\"regx\";s:22:\"|^/([^/]+)\\.html[/]?$|\";s:6:\"format\";s:8:\"/%s.html\";s:6:\"params\";a:1:{i:0;s:4:\"slug\";}}}s:5:\"index\";a:3:{s:3:\"url\";s:1:\"/\";s:6:\"widget\";s:15:\"\\Widget\\Archive\";s:6:\"action\";s:6:\"render\";}s:7:\"archive\";a:3:{s:3:\"url\";s:6:\"/blog/\";s:6:\"widget\";s:15:\"\\Widget\\Archive\";s:6:\"action\";s:6:\"render\";}s:2:\"do\";a:3:{s:3:\"url\";s:22:\"/action/[action:alpha]\";s:6:\"widget\";s:14:\"\\Widget\\Action\";s:6:\"action\";s:6:\"action\";}s:4:\"post\";a:3:{s:3:\"url\";s:21:\"/archives/[slug].html\";s:6:\"widget\";s:15:\"\\Widget\\Archive\";s:6:\"action\";s:6:\"render\";}s:10:\"attachment\";a:3:{s:3:\"url\";s:26:\"/attachment/[cid:digital]/\";s:6:\"widget\";s:15:\"\\Widget\\Archive\";s:6:\"action\";s:6:\"render\";}s:8:\"category\";a:3:{s:3:\"url\";s:17:\"/category/[slug]/\";s:6:\"widget\";s:15:\"\\Widget\\Archive\";s:6:\"action\";s:6:\"render\";}s:3:\"tag\";a:3:{s:3:\"url\";s:12:\"/tag/[slug]/\";s:6:\"widget\";s:15:\"\\Widget\\Archive\";s:6:\"action\";s:6:\"render\";}s:6:\"author\";a:3:{s:3:\"url\";s:22:\"/author/[uid:digital]/\";s:6:\"widget\";s:15:\"\\Widget\\Archive\";s:6:\"action\";s:6:\"render\";}s:6:\"search\";a:3:{s:3:\"url\";s:19:\"/search/[keywords]/\";s:6:\"widget\";s:15:\"\\Widget\\Archive\";s:6:\"action\";s:6:\"render\";}s:10:\"index_page\";a:3:{s:3:\"url\";s:21:\"/page/[page:digital]/\";s:6:\"widget\";s:15:\"\\Widget\\Archive\";s:6:\"action\";s:6:\"render\";}s:12:\"archive_page\";a:3:{s:3:\"url\";s:26:\"/blog/page/[page:digital]/\";s:6:\"widget\";s:15:\"\\Widget\\Archive\";s:6:\"action\";s:6:\"render\";}s:13:\"category_page\";a:3:{s:3:\"url\";s:32:\"/category/[slug]/[page:digital]/\";s:6:\"widget\";s:15:\"\\Widget\\Archive\";s:6:\"action\";s:6:\"render\";}s:8:\"tag_page\";a:3:{s:3:\"url\";s:27:\"/tag/[slug]/[page:digital]/\";s:6:\"widget\";s:15:\"\\Widget\\Archive\";s:6:\"action\";s:6:\"render\";}s:11:\"author_page\";a:3:{s:3:\"url\";s:37:\"/author/[uid:digital]/[page:digital]/\";s:6:\"widget\";s:15:\"\\Widget\\Archive\";s:6:\"action\";s:6:\"render\";}s:11:\"search_page\";a:3:{s:3:\"url\";s:34:\"/search/[keywords]/[page:digital]/\";s:6:\"widget\";s:15:\"\\Widget\\Archive\";s:6:\"action\";s:6:\"render\";}s:12:\"archive_year\";a:3:{s:3:\"url\";s:18:\"/[year:digital:4]/\";s:6:\"widget\";s:15:\"\\Widget\\Archive\";s:6:\"action\";s:6:\"render\";}s:13:\"archive_month\";a:3:{s:3:\"url\";s:36:\"/[year:digital:4]/[month:digital:2]/\";s:6:\"widget\";s:15:\"\\Widget\\Archive\";s:6:\"action\";s:6:\"render\";}s:11:\"archive_day\";a:3:{s:3:\"url\";s:52:\"/[year:digital:4]/[month:digital:2]/[day:digital:2]/\";s:6:\"widget\";s:15:\"\\Widget\\Archive\";s:6:\"action\";s:6:\"render\";}s:17:\"archive_year_page\";a:3:{s:3:\"url\";s:38:\"/[year:digital:4]/page/[page:digital]/\";s:6:\"widget\";s:15:\"\\Widget\\Archive\";s:6:\"action\";s:6:\"render\";}s:18:\"archive_month_page\";a:3:{s:3:\"url\";s:56:\"/[year:digital:4]/[month:digital:2]/page/[page:digital]/\";s:6:\"widget\";s:15:\"\\Widget\\Archive\";s:6:\"action\";s:6:\"render\";}s:16:\"archive_day_page\";a:3:{s:3:\"url\";s:72:\"/[year:digital:4]/[month:digital:2]/[day:digital:2]/page/[page:digital]/\";s:6:\"widget\";s:15:\"\\Widget\\Archive\";s:6:\"action\";s:6:\"render\";}s:12:\"comment_page\";a:3:{s:3:\"url\";s:53:\"[permalink:string]/comment-page-[commentPage:digital]\";s:6:\"widget\";s:15:\"\\Widget\\Archive\";s:6:\"action\";s:6:\"render\";}s:4:\"feed\";a:3:{s:3:\"url\";s:20:\"/feed[feed:string:0]\";s:6:\"widget\";s:15:\"\\Widget\\Archive\";s:6:\"action\";s:4:\"feed\";}s:8:\"feedback\";a:3:{s:3:\"url\";s:31:\"[permalink:string]/[type:alpha]\";s:6:\"widget\";s:16:\"\\Widget\\Feedback\";s:6:\"action\";s:6:\"action\";}s:4:\"page\";a:3:{s:3:\"url\";s:12:\"/[slug].html\";s:6:\"widget\";s:15:\"\\Widget\\Archive\";s:6:\"action\";s:6:\"render\";}}'),('secret',0,'6jLb7n7(XE*8(v5!aqT6$KNtiVYo$To*'),('siteUrl',0,'http://geekie.us.kg'),('theme',0,'Astra'),('theme:Astra',0,'a:1:{s:12:\"sidebarBlock\";a:5:{i:0;s:15:\"ShowRecentPosts\";i:1;s:18:\"ShowRecentComments\";i:2;s:12:\"ShowCategory\";i:3;s:11:\"ShowArchive\";i:4;s:9:\"ShowOther\";}}'),('timezone',0,'28800'),('title',0,'Yuan\'s blog'),('xmlrpcMarkdown',0,'0');
/*!40000 ALTER TABLE `typecho_options` ENABLE KEYS */;
UNLOCK TABLES;

--
-- Table structure for table `typecho_relationships`
--

DROP TABLE IF EXISTS `typecho_relationships`;
/*!40101 SET @saved_cs_client     = @@character_set_client */;
/*!40101 SET character_set_client = utf8 */;
CREATE TABLE `typecho_relationships` (
  `cid` int(10) unsigned NOT NULL,
  `mid` int(10) unsigned NOT NULL,
  PRIMARY KEY (`cid`,`mid`)
) ENGINE=InnoDB DEFAULT CHARSET=utf8mb4;
/*!40101 SET character_set_client = @saved_cs_client */;

--
-- Dumping data for table `typecho_relationships`
--

LOCK TABLES `typecho_relationships` WRITE;
/*!40000 ALTER TABLE `typecho_relationships` DISABLE KEYS */;
INSERT INTO `typecho_relationships` VALUES (1,1),(3,1),(4,1),(13,1),(13,5),(14,1),(21,1),(25,1),(26,1),(28,1),(31,1),(40,1),(57,1),(59,1),(59,5),(79,1);
/*!40000 ALTER TABLE `typecho_relationships` ENABLE KEYS */;
UNLOCK TABLES;

--
-- Table structure for table `typecho_users`
--

DROP TABLE IF EXISTS `typecho_users`;
/*!40101 SET @saved_cs_client     = @@character_set_client */;
/*!40101 SET character_set_client = utf8 */;
CREATE TABLE `typecho_users` (
  `uid` int(10) unsigned NOT NULL AUTO_INCREMENT,
  `name` varchar(32) DEFAULT NULL,
  `password` varchar(64) DEFAULT NULL,
  `mail` varchar(150) DEFAULT NULL,
  `url` varchar(150) DEFAULT NULL,
  `screenName` varchar(32) DEFAULT NULL,
  `created` int(10) unsigned DEFAULT '0',
  `activated` int(10) unsigned DEFAULT '0',
  `logged` int(10) unsigned DEFAULT '0',
  `group` varchar(16) DEFAULT 'visitor',
  `authCode` varchar(64) DEFAULT NULL,
  PRIMARY KEY (`uid`),
  UNIQUE KEY `name` (`name`),
  UNIQUE KEY `mail` (`mail`)
) ENGINE=InnoDB AUTO_INCREMENT=3 DEFAULT CHARSET=utf8mb4;
/*!40101 SET character_set_client = @saved_cs_client */;

--
-- Dumping data for table `typecho_users`
--

LOCK TABLES `typecho_users` WRITE;
/*!40000 ALTER TABLE `typecho_users` DISABLE KEYS */;
INSERT INTO `typecho_users` VALUES (1,'Yuan','e10adc3949ba59abbe56e057f20f883e','Yuan.Sn@outlook.com','http://blog.geekie.site','Yuan',1712410199,1731829860,1723475617,'administrator','3c35bc14138eaf59d94067b778f826ef'),(2,'huoshen','$P$B55Gk4rrOoGCtMKIvUyEhYoqz01PEs.','2293702856@qq.com','','huoshen',1712583096,1721144461,1716262958,'administrator','4000a288b4c1dc19877aa86c1dfe0169');
/*!40000 ALTER TABLE `typecho_users` ENABLE KEYS */;
UNLOCK TABLES;

--
-- Dumping events for database 'geekie_site'
--

--
-- Dumping routines for database 'geekie_site'
--
/*!40103 SET TIME_ZONE=@OLD_TIME_ZONE */;

/*!40101 SET SQL_MODE=@OLD_SQL_MODE */;
/*!40014 SET FOREIGN_KEY_CHECKS=@OLD_FOREIGN_KEY_CHECKS */;
/*!40014 SET UNIQUE_CHECKS=@OLD_UNIQUE_CHECKS */;
/*!40101 SET CHARACTER_SET_CLIENT=@OLD_CHARACTER_SET_CLIENT */;
/*!40101 SET CHARACTER_SET_RESULTS=@OLD_CHARACTER_SET_RESULTS */;
/*!40101 SET COLLATION_CONNECTION=@OLD_COLLATION_CONNECTION */;
/*!40111 SET SQL_NOTES=@OLD_SQL_NOTES */;

-- Dump completed on 2025-02-28  9:49:54
